,dataset,mae,rmse
0,ShanghaiTech_part_A,120.26054960816771,188.48502908001367
1,ShanghaiTech_part_B,33.489226160170155,58.688592895277864
2,NWPU-Crowd,946.7065948019027,2521.9090612109926
3,UCF-QNRF_ECCV18,781.9255754619302,2829.9473626966274
4,jhu_crowd_v2.0,308.6849726873636,1040.0598570856935
5,ucf-cc-50,418.2759956359863,660.7864093856164
