,dataset,mae,rmse
0,ShanghaiTech_part_A,77.23666813609364,128.76455354647558
1,ShanghaiTech_part_B,12.846978866601292,22.391859605055988
2,NWPU-Crowd,194.33552825737,819.4163511422154
3,UCF-QNRF_ECCV18,235.0152733397341,471.2812570222577
4,jhu_crowd_v2.0,153.9051072126627,506.9998649959638
5,ucf-cc-50,447.70445129394534,703.8453231343964
