,dataset,mae,rmse
0,ShanghaiTech_part_A,93.27903670007056,147.15923150034772
1,ShanghaiTech_part_B,29.987791100634805,46.59670029391874
2,NWPU-Crowd,181.99010566309096,668.164838350976
3,UCF-QNRF_ECCV18,255.01878329522594,445.7108979623574
4,jhu_crowd_v2.0,115.77874433279038,404.0504289895818
5,ucf-cc-50,397.0884365844727,620.7190643551581
